{
	"users": [
		{
			"email": "mahdi@gmail.com",
			"password": "11223344",
			"id": 1
		}
	],
	"products": [
		{
      "id": 1,
      "name": "Adidas Samba",
      "price": 110,
      "rate": 3.7,
      "colors": {
        "blue": "#27aec7",
        "green": "#268801",
        "red": "#c72800"
      },
      "sizes": [41, 42, 43],
      "description": "Lorem, ipsum dolor sit amet consectetur adipisicing elit. In ipsam perferendis quasi consectetur totam reprehenderit!",
      "imgUrl": "./src/assets/adidas/1.png"
    },
    {
      "id": 2,
      "name": "Adidas UltraBoost",
      "price": 120,
      "rate": 4.7,
      "colors": {
        "blue": "#27aec7",
        "green": "#268801",
        "red": "#c72800"
      },
      "sizes": [41, 42, 43],
      "description": "Lorem, ipsum dolor sit amet consectetur adipisicing elit. In ipsam perferendis quasi consectetur totam reprehenderit!",
      "imgUrl": "./src/assets/adidas/2.png"
    },
    {
      "id": 3,
      "name": "Adidas Gazelle",
      "price": 100,
      "rate": 3.8,
      "colors": {
        "blue": "#27aec7",
        "green": "#268801",
        "red": "#c72800"
      },
      "sizes": [41, 42, 43],
      "description": "Lorem, ipsum dolor sit amet consectetur adipisicing elit. In ipsam perferendis quasi consectetur totam reprehenderit!",
      "imgUrl": "./src/assets/adidas/3.png"
    },
    {
      "id": 4,
      "name": "Adidas Response",
      "price": 110,
      "rate": 3.5,
      "colors": {
        "blue": "#27aec7",
        "green": "#268801",
        "red": "#c72800"
      },
      "sizes": [41, 42, 43],
      "description": "Lorem, ipsum dolor sit amet consectetur adipisicing elit. In ipsam perferendis quasi consectetur totam reprehenderit!",
      "imgUrl": "./src/assets/adidas/4.png"
    },
    {
      "id": 5,
      "name": "Adidas Comfort",
      "price": 99,
      "rate": 3.6,
      "colors": {
        "blue": "#27aec7",
        "green": "#268801",
        "red": "#c72800"
      },
      "sizes": [41, 42, 43],
      "description": "Lorem, ipsum dolor sit amet consectetur adipisicing elit. In ipsam perferendis quasi consectetur totam reprehenderit!",
      "imgUrl": "./src/assets/adidas/5.png"
    },
    {
      "id": 6,
      "name": "Adidas lotus",
      "price": 120,
      "rate": 3.9,
      "colors": {
        "blue": "#27aec7",
        "green": "#268801",
        "red": "#c72800"
      },
      "sizes": [41, 42, 43],
      "description": "Lorem, ipsum dolor sit amet consectetur adipisicing elit. In ipsam perferendis quasi consectetur totam reprehenderit!",
      "imgUrl": "./src/assets/adidas/6.png"
    },
    {
      "id": 7,
      "name": "Nike Pegasus",
      "price": 150,
      "rate": 4.1,
      "colors": {
        "blue": "#27aec7",
        "green": "#268801",
        "red": "#c72800"
      },
      "sizes": [41, 42, 43],
      "description": "Lorem, ipsum dolor sit amet consectetur adipisicing elit. In ipsam perferendis quasi consectetur totam reprehenderit!",
      "imgUrl": "./src/assets/nike/1_2.png"
    },
    {
      "id": 8,
      "name": "Nike Airmax",
      "price": 160,
      "rate": 4.5,
      "colors": {
        "blue": "#27aec7",
        "green": "#268801",
        "red": "#c72800"
      },
      "sizes": [41, 42, 43],
      "description": "Lorem, ipsum dolor sit amet consectetur adipisicing elit. In ipsam perferendis quasi consectetur totam reprehenderit!",
      "imgUrl": "./src/assets/nike/2_2.png"
    },
    {
      "id": 9,
      "name": "Nike Air1",
      "price": 125,
      "rate": 4.2,
      "colors": {
        "blue": "#27aec7",
        "green": "#268801",
        "red": "#c72800"
      },
      "sizes": [41, 42, 43],
      "description": "Lorem, ipsum dolor sit amet consectetur adipisicing elit. In ipsam perferendis quasi consectetur totam reprehenderit!",
      "imgUrl": "./src/assets/nike/3_2.png"
    },
    {
      "id": 10,
      "name": "Nike Train",
      "price": 140,
      "rate": 3.9,
      "colors": {
        "blue": "#27aec7",
        "green": "#268801",
        "red": "#c72800"
      },
      "sizes": [41, 42, 43],
      "description": "Lorem, ipsum dolor sit amet consectetur adipisicing elit. In ipsam perferendis quasi consectetur totam reprehenderit!",
      "imgUrl": "./src/assets/nike/4_2.png"
    },
    {
      "id": 11,
      "name": "Nike Hurachi",
      "price": 99,
      "rate": 3.8,
      "colors": {
        "blue": "#27aec7",
        "green": "#268801",
        "red": "#c72800"
      },
      "sizes": [41, 42, 43],
      "description": "Lorem, ipsum dolor sit amet consectetur adipisicing elit. In ipsam perferendis quasi consectetur totam reprehenderit!",
      "imgUrl": "./src/assets/nike/5_2.png"
    },
    {
      "id": 12,
      "name": "Nike Fontanka",
      "price": 90,
      "rate": 4.5,
      "colors": {
        "blue": "#27aec7",
        "green": "#268801",
        "red": "#c72800"
      },
      "sizes": [41, 42, 43],
      "description": "Lorem, ipsum dolor sit amet consectetur adipisicing elit. In ipsam perferendis quasi consectetur totam reprehenderit!",
      "imgUrl": "./src/assets/nike/6_2.png"
    },
    {
      "id": 13,
      "name": "Puma California",
      "price": 100,
      "rate": 4.1,
      "colors": {
        "blue": "#27aec7",
        "green": "#268801",
        "red": "#c72800"
      },
      "sizes": [41, 42, 43],
      "description": "Lorem, ipsum dolor sit amet consectetur adipisicing elit. In ipsam perferendis quasi consectetur totam reprehenderit!",
      "imgUrl": "./src/assets/puma/1.jpg"
    },
    {
      "id": 14,
      "name": "Puma Suede",
      "price": 110,
      "rate": 4.2,
      "colors": {
        "blue": "#27aec7",
        "green": "#268801",
        "red": "#c72800"
      },
      "sizes": [41, 42, 43],
      "description": "Lorem, ipsum dolor sit amet consectetur adipisicing elit. In ipsam perferendis quasi consectetur totam reprehenderit!",
      "imgUrl": "./src/assets/puma/2.jpg"
    },
    {
      "id": 15,
      "name": "Puma Easy Rider",
      "price": 90,
      "rate": 4.1,
      "colors": {
        "blue": "#27aec7",
        "green": "#268801",
        "red": "#c72800"
      },
      "sizes": [41, 42, 43],
      "description": "Lorem, ipsum dolor sit amet consectetur adipisicing elit. In ipsam perferendis quasi consectetur totam reprehenderit!",
      "imgUrl": "./src/assets/puma/3.jpg"
    },
    {
      "id": 16,
      "name": "Puma Lamelo",
      "price": 125,
      "rate": 4.3,
      "colors": {
        "blue": "#27aec7",
        "green": "#268801",
        "red": "#c72800"
      },
      "sizes": [41, 42, 43],
      "description": "Lorem, ipsum dolor sit amet consectetur adipisicing elit. In ipsam perferendis quasi consectetur totam reprehenderit!",
      "imgUrl": "./src/assets/puma/4.jpg"
    },
    {
      "id": 17,
      "name": "Puma Runner",
      "price": 45,
      "rate": 3.8,
      "colors": {
        "blue": "#27aec7",
        "green": "#268801",
        "red": "#c72800"
      },
      "sizes": [41, 42, 43],
      "description": "Lorem, ipsum dolor sit amet consectetur adipisicing elit. In ipsam perferendis quasi consectetur totam reprehenderit!",
      "imgUrl": "./src/assets/puma/5.jpg"
    },
    {
      "id": 18,
      "name": "Puma Redon",
      "price": 90,
      "rate": 4.1,
      "colors": {
        "blue": "#27aec7",
        "green": "#268801",
        "red": "#c72800"
      },
      "sizes": [41, 42, 43],
      "description": "Lorem, ipsum dolor sit amet consectetur adipisicing elit. In ipsam perferendis quasi consectetur totam reprehenderit!",
      "imgUrl": "./src/assets/puma/6.jpg"
    },
    {
      "id": 19,
      "name": "NewBalance 9060",
      "price": 120,
      "rate": 4.3,
      "colors": {
        "blue": "#27aec7",
        "green": "#268801",
        "red": "#c72800"
      },
      "sizes": [41, 42, 43],
      "description": "Lorem, ipsum dolor sit amet consectetur adipisicing elit. In ipsam perferendis quasi consectetur totam reprehenderit!",
      "imgUrl": "./src/assets/newbalance/1.jpg"
    },
    {
      "id": 20,
      "name": "NewBalance 530",
      "price": 140,
      "rate": 4.0,
      "colors": {
        "blue": "#27aec7",
        "green": "#268801",
        "red": "#c72800"
      },
      "sizes": [41, 42, 43],
      "description": "Lorem, ipsum dolor sit amet consectetur adipisicing elit. In ipsam perferendis quasi consectetur totam reprehenderit!",
      "imgUrl": "./src/assets/newbalance/2.jpg"
    },
    {
      "id": 21,
      "name": "NewBalance 574",
      "price": 190,
      "rate": 4.4,
      "colors": {
        "blue": "#27aec7",
        "green": "#268801",
        "red": "#c72800"
      },
      "sizes": [41, 42, 43],
      "description": "Lorem, ipsum dolor sit amet consectetur adipisicing elit. In ipsam perferendis quasi consectetur totam reprehenderit!",
      "imgUrl": "./src/assets/newbalance/3.jpg"
    },
    {
      "id": 22,
      "name": "NewBalance 327",
      "price": 125,
      "rate": 4.3,
      "colors": {
        "blue": "#27aec7",
        "green": "#268801",
        "red": "#c72800"
      },
      "sizes": [41, 42, 43],
      "description": "Lorem, ipsum dolor sit amet consectetur adipisicing elit. In ipsam perferendis quasi consectetur totam reprehenderit!",
      "imgUrl": "./src/assets/newbalance/4.jpg"
    },
    {
      "id": 23,
      "name": "NewBalance Classic",
      "price": 125,
      "rate": 3.9,
      "colors": {
        "blue": "#27aec7",
        "green": "#268801",
        "red": "#c72800"
      },
      "sizes": [41, 42, 43],
      "description": "Lorem, ipsum dolor sit amet consectetur adipisicing elit. In ipsam perferendis quasi consectetur totam reprehenderit!",
      "imgUrl": "./src/assets/newbalance/5.jpg"
    },
    {
      "id": 24,
      "name": "NewBalance Trainer",
      "price": 190,
      "rate": 4.5,
      "colors": {
        "blue": "#27aec7",
        "green": "#268801",
        "red": "#c72800"
      },
      "sizes": [41, 42, 43],
      "description": "Lorem, ipsum dolor sit amet consectetur adipisicing elit. In ipsam perferendis quasi consectetur totam reprehenderit!",
      "imgUrl": "./src/assets/newbalance/6.jpg"
    },
    {
      "id": 25,
      "name": "Reebok Floatzig",
      "price": 170,
      "rate": 3.9,
      "colors": {
        "blue": "#27aec7",
        "green": "#268801",
        "red": "#c72800"
      },
      "sizes": [41, 42, 43],
      "description": "Lorem, ipsum dolor sit amet consectetur adipisicing elit. In ipsam perferendis quasi consectetur totam reprehenderit!",
      "imgUrl": "./src/assets/reebok/1.png"
    },
    {
      "id": 26,
      "name": "Reebok Classic",
      "price": 160,
      "rate": 4.1,
      "colors": {
        "blue": "#27aec7",
        "green": "#268801",
        "red": "#c72800"
      },
      "sizes": [41, 42, 43],
      "description": "Lorem, ipsum dolor sit amet consectetur adipisicing elit. In ipsam perferendis quasi consectetur totam reprehenderit!",
      "imgUrl": "./src/assets/reebok/2.png"
    },
    {
      "id": 27,
      "name": "Reebok Rewind",
      "price": 170,
      "rate": 3.8,
      "colors": {
        "blue": "#27aec7",
        "green": "#268801",
        "red": "#c72800"
      },
      "sizes": [41, 42, 43],
      "description": "Lorem, ipsum dolor sit amet consectetur adipisicing elit. In ipsam perferendis quasi consectetur totam reprehenderit!",
      "imgUrl": "./src/assets/reebok/3.png"
    },
    {
      "id": 28,
      "name": "Reebok Range",
      "price": 130,
      "rate": 3.6,
      "colors": {
        "blue": "#27aec7",
        "green": "#268801",
        "red": "#c72800"
      },
      "sizes": [41, 42, 43],
      "description": "Lorem, ipsum dolor sit amet consectetur adipisicing elit. In ipsam perferendis quasi consectetur totam reprehenderit!",
      "imgUrl": "./src/assets/reebok/4.png"
    },
    {
      "id": 29,
      "name": "Reebok Zig",
      "price": 130,
      "rate": 3.9,
      "colors": {
        "blue": "#27aec7",
        "green": "#268801",
        "red": "#c72800"
      },
      "sizes": [41, 42, 43],
      "description": "Lorem, ipsum dolor sit amet consectetur adipisicing elit. In ipsam perferendis quasi consectetur totam reprehenderit!",
      "imgUrl": "./src/assets/reebok/5.png"
    },
    {
      "id": 30,
      "name": "Reebok Nylon",
      "price": 115,
      "rate": 4.4,
      "colors": {
        "blue": "#27aec7",
        "green": "#268801",
        "red": "#c72800"
      },
      "sizes": [41, 42, 43],
      "description": "Lorem, ipsum dolor sit amet consectetur adipisicing elit. In ipsam perferendis quasi consectetur totam reprehenderit!",
      "imgUrl": "./src/assets/reebok/6.png"
    }
	],
  "mostPopular": [
    {
      "id": 2,
      "name": "Adidas UltraBoost",
      "price": 120,
      "rate": 4.7,
      "colors": {
        "blue": "#27aec7",
        "green": "#268801",
        "red": "#c72800"
      },
      "sizes": [41, 42, 43],
      "description": "Lorem, ipsum dolor sit amet consectetur adipisicing elit. In ipsam perferendis quasi consectetur totam reprehenderit!",
      "imgUrl": "./src/assets/adidas/2.png"
    },
    {
      "id": 7,
      "name": "Nike Pegasus",
      "price": 150,
      "rate": 4.1,
      "colors": {
        "blue": "#27aec7",
        "green": "#268801",
        "red": "#c72800"
      },
      "sizes": [41, 42, 43],
      "description": "Lorem, ipsum dolor sit amet consectetur adipisicing elit. In ipsam perferendis quasi consectetur totam reprehenderit!",
      "imgUrl": "./src/assets/nike/1_2.png"
    },
    {
      "id": 13,
      "name": "Puma California",
      "price": 100,
      "rate": 4.1,
      "colors": {
        "blue": "#27aec7",
        "green": "#268801",
        "red": "#c72800"
      },
      "sizes": [41, 42, 43],
      "description": "Lorem, ipsum dolor sit amet consectetur adipisicing elit. In ipsam perferendis quasi consectetur totam reprehenderit!",
      "imgUrl": "./src/assets/puma/1.jpg"
    },
    {
      "id": 19,
      "name": "NewBalance 9060",
      "price": 120,
      "rate": 4.3,
      "colors": {
        "blue": "#27aec7",
        "green": "#268801",
        "red": "#c72800"
      },
      "sizes": [41, 42, 43],
      "description": "Lorem, ipsum dolor sit amet consectetur adipisicing elit. In ipsam perferendis quasi consectetur totam reprehenderit!",
      "imgUrl": "./src/assets/newbalance/1.jpg"
    },
    ,
    {
      "id": 30,
      "name": "Reebok Nylon",
      "price": 115,
      "rate": 4.4,
      "colors": {
        "blue": "#27aec7",
        "green": "#268801",
        "red": "#c72800"
      },
      "sizes": [41, 42, 43],
      "description": "Lorem, ipsum dolor sit amet consectetur adipisicing elit. In ipsam perferendis quasi consectetur totam reprehenderit!",
      "imgUrl": "./src/assets/reebok/6.png"
    },
    {
      "id": 27,
      "name": "Reebok Rewind",
      "price": 170,
      "rate": 3.8,
      "colors": {
        "blue": "#27aec7",
        "green": "#268801",
        "red": "#c72800"
      },
      "sizes": [41, 42, 43],
      "description": "Lorem, ipsum dolor sit amet consectetur adipisicing elit. In ipsam perferendis quasi consectetur totam reprehenderit!",
      "imgUrl": "./src/assets/reebok/3.png"
    }
  ],
	"session": [
		{
			"name": "Mahdi Keshavarz",
			"imgUrl": "./src/assets/meiti.jpg",
			"id": 1
		}
	],
  "cart":[
    {
      "id": 1,
      "name": "Adidas Samba",
      "price": 110,
      "color": "blue",
      "hexCode": "#27aec7",
      "sizes": 41,
      "quantity": 2,
      "imgUrl": "./src/assets/adidas/1.png"
    },
    {
      "id": 7,
      "name": "Nike Pegasus",
      "price": 110,
      "color": "blue",
      "hexCode": "#27aec7",
      "sizes": 41,
      "quantity": 1,
      "imgUrl": "./src/assets/adidas/1.png"
    }
  ],
  "checkout": [
    {
      "items":[
        {
          "id": 7,
          "name": "Nike Pegasus",
          "price": 110,
          "color": "blue",
          "hexCode": "#27aec7",
          "sizes": 41,
          "quantity": 1,
          "imgUrl": "./src/assets/adidas/1.png"
        },
        {
          "id": 1,
          "name": "Adidas Samba",
          "price": 110,
          "color": "blue",
          "hexCode": "#27aec7",
          "sizes": 41,
          "quantity": 2,
          "imgUrl": "./src/assets/adidas/1.png"
        }
      ],
      "ship": {
        "name": "economic",
        "price": 9
      },
      "address": {
        "name": "Offic",
        "address": "tehran-poonak"
      },
      "total": 424
    }
  ],
  "active": [
    {
      "id": 7,
      "name": "Nike Pegasus",
      "price": 110,
      "color": "blue",
      "hexCode": "#27aec7",
      "sizes": 41,
      "quantity": 1,
      "imgUrl": "./src/assets/adidas/1.png"
    },
    {
      "id": 1,
      "name": "Adidas Samba",
      "price": 110,
      "color": "blue",
      "hexCode": "#27aec7",
      "sizes": 41,
      "quantity": 2,
      "imgUrl": "./src/assets/adidas/1.png"
    }
  ],
  "completed": [
    {
      "id": 7,
      "name": "Nike Pegasus",
      "price": 110,
      "color": "blue",
      "hexCode": "#27aec7",
      "sizes": 41,
      "quantity": 1,
      "imgUrl": "./src/assets/adidas/1.png"
    },
    {
      "id": 1,
      "name": "Adidas Samba",
      "price": 110,
      "color": "blue",
      "hexCode": "#27aec7",
      "sizes": 41,
      "quantity": 2,
      "imgUrl": "./src/assets/adidas/1.png"
    }
  ],
  "addresses": [
    {
      "name": "Home",
      "address": "tehran-chitgar"
    },
    {
      "name": "Offic",
      "address": "tehran-poonak"
    }
  ],
  "shipment": [
    {
      "name": "economic",
      "price": 9,
      "icon": "./src/assets/icons/economic.png"
    },
    {
      "name": "vip",
      "price": 12,
      "icon": "./src/assets/icons/vip.png"
    }
  ],
  "payment": [
    {
      "name": "My Wallet",
      "icon": "./src/assets/icons/wallet.png"
    },
    {
      "name": "PayPal",
      "icon": "./src/assets/icons/paypal.png"
    },
    {
      "name": "Google Pay",
      "icon": "./src/assets/icons/google.png"
    },
    {
      "name": "Apple Pay",
      "icon": "./src/assets/icons/apple.png"
    }
  ]
}
